"DMU","RTS","Primary_Solver_Status","Selected_Solver_Status","Primary_Overall_Optimum","Objective_Residual","Stage1_Link_Residual","Stage2_Link_Residual","Link_Continuity_Residual","One_Sided_Link_Violation","RTS_Residual","Max_Constraint_Violation","Score_Range_OK","Theta1_Above_One","Theta2_Above_One","Self_Weight_Stage1","Self_Weight_Stage2","Active_Peers_Stage1","Active_Peers_Stage2","Theta1_Min_Overall_Optimum","Theta1_Max_Overall_Optimum","Theta1_Range","Theta2_Min_Overall_Optimum","Theta2_Max_Overall_Optimum","Theta2_Range","Link_Min_Overall_Optimum","Link_Max_Overall_Optimum","Link_Range","Stage_Scores_Unique","Link_Unique"
"AT","VRS",0,0,0.473302334080746,0,3.90798504668055e-12,5.6843418860808e-13,3.33955085807247e-12,0,3.41948691584548e-14,3.90798504668055e-12,TRUE,FALSE,FALSE,0,0,3,4,0.53352322016951,0.533523245320075,2.51505655191053e-08,0.413081442841417,0.413081467991983,2.51505655746165e-08,75.5785610439592,75.5785767261978,1.56822385548594e-05,TRUE,FALSE
"BE","VRS",0,0,0.872832705741838,0,2.8421709430404e-14,2.8421709430404e-14,5.6843418860808e-14,0,1.11022302462516e-15,4.54747350886464e-13,TRUE,FALSE,FALSE,1,0,1,5,1,1.0000000221849,2.21849038029021e-08,0.745665409298772,0.745665431483675,2.21849033588128e-08,146.299999326688,146.3,6.73311802756871e-07,TRUE,FALSE
"CH","VRS",0,0,0.783936473036726,0,0,8.5265128291212e-14,8.5265128291212e-14,1.4210854715202e-14,1.33226762955019e-15,6.39829522697255e-10,TRUE,FALSE,FALSE,0,1,4,1,0.567872946073453,0.567872966073452,1.99999987682276e-08,1,1.00000002,1.99999998784506e-08,79.0000000000002,79,-1.4210854715202e-13,TRUE,TRUE
"CZ","VRS",0,0,0.64729077808717,0,6.60804744256893e-13,3.5527136788005e-14,6.25277607468888e-13,0,1.17683640610267e-14,6.60804744256893e-13,TRUE,FALSE,FALSE,0,0,2,2,0.759663240881597,0.759663299799898,5.89183012378314e-08,0.534918276374443,0.534918335292743,5.89182999055637e-08,58.7010034708737,58.70104950301,4.60321362396598e-05,TRUE,FALSE
"DE","VRS",0,0,0.496980257835593,0,1.4210854715202e-14,0,1.4210854715202e-14,0,1.11022302462516e-16,1.4210854715202e-14,TRUE,FALSE,FALSE,0,0,2,3,0.649243466299863,0.649243490904161,2.46042985985184e-08,0.344717044767025,0.344717069371324,2.4604298820563e-08,73.0473150295391,73.047326684891,1.16553518978435e-05,TRUE,FALSE
"DK","VRS",0,0,0.903857038558542,0,1.4210854715202e-14,4.2632564145606e-14,2.8421709430404e-14,1.4210854715202e-14,0,4.2632564145606e-14,TRUE,FALSE,FALSE,1,0,1,4,1,1.00000002230921,2.23092060380736e-08,0.807714074807879,0.807714097117085,2.23092060380736e-08,94.1999994821231,94.2,5.17876912908832e-07,TRUE,FALSE
"EE","VRS",0,0,0.880545784636332,0,1.84741111297626e-13,1.27897692436818e-13,3.12638803734444e-13,0,1.99840144432528e-15,3.41060513164848e-12,TRUE,FALSE,FALSE,1,0,1,3,1,1.00000002082604,2.0826037117061e-08,0.761091568446628,0.761091589272665,2.08260376721725e-08,85.5999997738295,85.6,2.26170470796205e-07,TRUE,FALSE
"ES","VRS",0,0,0.796807618332174,0,0,1.4210854715202e-14,1.4210854715202e-14,0,1.11022302462516e-16,1.4210854715202e-14,TRUE,FALSE,FALSE,0,0,4,2,0.898634518596219,0.898634561683653,4.30874346202259e-08,0.694980694980695,0.69498073806813,4.30874349532928e-08,59.6270199788382,59.6270580988336,3.81199954446743e-05,TRUE,FALSE
"FI","VRS",0,0,0.79466641070134,0,1.4210854715202e-14,2.1316282072803e-14,3.5527136788005e-14,0,2.22044604925031e-16,9.38143784878775e-10,TRUE,FALSE,FALSE,0,0,4,2,0.900927017301087,0.900927044301231,2.70001445645818e-08,0.688405797101449,0.688405824101596,2.70001464519609e-08,62.8101435980224,62.8101557631102,1.21650878242008e-05,TRUE,FALSE
"FR","VRS",0,0,0.678616097650861,0,2.62190269495477e-12,4.59010607301025e-12,7.21200876796502e-12,0,1.5709655798446e-13,3.18095771945082e-10,TRUE,FALSE,FALSE,0,0.0189386789310302,4,4,0.529255020106718,0.529255069888955,4.97822375544743e-08,0.827977145412766,0.827977195195004,4.97822378875412e-08,63.8417018260327,63.8417283802564,2.6554223730102e-05,TRUE,FALSE
"GB","VRS",0,0,0.94245947903235,0,0,0,0,0,2.22044604925031e-16,1.05046638054773e-10,TRUE,FALSE,FALSE,0,1,4,1,0.8849189580647,0.884918978064701,2.00000014327628e-08,1,1.00000002,2.00000001004952e-08,82.1000000000001,82.1000000000001,0,TRUE,TRUE
"HR","VRS",0,0,0.733697603849946,0,1.4210854715202e-14,7.105427357601e-15,7.105427357601e-15,0,1.11022302462516e-16,1.25055521493778e-11,TRUE,FALSE,FALSE,0,0,4,2,0.859287099077481,0.859287119591784,2.0514302923047e-08,0.608108108108108,0.608108128622411,2.0514302923047e-08,59.6270158338577,59.6270429086781,2.70748204229676e-05,TRUE,FALSE
"HU","VRS",0,0,0.78069651720083,0,7.105427357601e-15,1.4210854715202e-14,7.105427357601e-15,0,0,3.72892827726901e-11,TRUE,FALSE,FALSE,0,0,4,2,0.984469956845148,0.984469977478583,2.06334342944814e-08,0.576923076923076,0.576923097556511,2.06334350716375e-08,55.061526431535,55.0615549308421,2.84993070636119e-05,TRUE,FALSE
"IE","VRS",0,0,0.697089131562178,0,1.4210854715202e-14,0,1.4210854715202e-14,0,2.22044604925031e-16,1.59661794896238e-09,TRUE,FALSE,FALSE,0,0,3,3,0.779259190713068,0.779259223044401,3.23313330552466e-08,0.614919060079954,0.614919092411283,3.23313283923099e-08,65.2904076711749,65.2904566363759,4.89652009036945e-05,TRUE,FALSE
"IL","VRS",0,0,1,0,1.4210854715202e-14,2.8421709430404e-14,1.4210854715202e-14,0,1.11022302462516e-16,2.8421709430404e-14,TRUE,FALSE,FALSE,1,1,1,1,1,1.00000002,2.00000004335621e-08,1,1.00000002,1.9999999656406e-08,89.3999996755358,89.4,3.24464224377152e-07,TRUE,FALSE
"IS","VRS",0,0,1,0,3.19744231092045e-14,1.4210854715202e-14,1.77635683940025e-14,0,4.44089209850063e-16,4.54747350886464e-13,TRUE,FALSE,FALSE,1,1,1,1,0.999999999999999,1.00000002,2.00000014327628e-08,1,1.00000002,2.00000003225398e-08,28.2,28.2,-1.06581410364015e-14,TRUE,TRUE
"IT","VRS",0,0,1.00000000000001,0,0,2.36966002375993e-12,2.36966002375993e-12,0,7.57172102794357e-14,2.36966002375993e-12,TRUE,FALSE,FALSE,1,1.00000000000008,1,1,1,1.00000002000005,2.00000491723529e-08,0.999999999999996,1.00000002000003,2.00000305206061e-08,31.3000000000019,31.3,-1.83320025826106e-12,TRUE,TRUE
"LT","VRS",0,0,0.820951508733517,0,1.4210854715202e-14,2.8421709430404e-14,1.4210854715202e-14,0,1.11022302462516e-16,9.22455001273192e-10,TRUE,FALSE,FALSE,0,0,2,3,0.900842851664798,0.900842949616043,9.79512455590026e-08,0.741060087850992,0.741060185802235,9.7951242783445e-08,115.763365964945,115.763431112745,6.51478002282602e-05,TRUE,FALSE
"LU","VRS",0,0,0.728602980045155,0,2.8421709430404e-14,1.05160324892495e-12,1.02318153949454e-12,0,5.6621374255883e-15,8.11269273981452e-10,TRUE,FALSE,FALSE,0,0,4,4,0.611179041615487,0.611179067389188,2.57737015063597e-08,0.846026912701122,0.846026938474823,2.57737009512482e-08,74.7710428992998,74.771065302814,2.24035141656032e-05,TRUE,FALSE
"LV","VRS",0,0,0.844870571063073,0,1.4210854715202e-14,0,1.4210854715202e-14,0,0,1.4210854715202e-14,TRUE,FALSE,FALSE,0,0,4,2,0.943820372576999,0.943820489702773,1.17125773968496e-07,0.745920672423372,0.745920789549147,1.17125775522808e-07,100.631415109308,100.631482032171,6.69228630272301e-05,FALSE,FALSE
"MT","VRS",0,0,0.816590755165754,0,2.55795384873636e-13,8.5265128291212e-14,1.70530256582424e-13,0,5.32907051820075e-15,1.28670762933325e-09,TRUE,FALSE,FALSE,0,0.999999999999998,4,1,0.63318151033151,0.633181530331508,1.99999975469822e-08,0.999999999999999,1.00000002,2.0000000766629e-08,141.2,141.2,2.8421709430404e-14,TRUE,TRUE
"NL","VRS",0,0,0.97458154924095,0,2.1316282072803e-14,7.105427357601e-15,2.8421709430404e-14,7.105427357601e-15,4.44089209850063e-16,2.8421709430404e-14,TRUE,FALSE,FALSE,0,1,2,1,0.9491630984819,0.949163118481899,1.99999997674283e-08,0.999999999999998,1.00000002,2.00000014327628e-08,43.7999995162357,43.8,4.83764310388324e-07,TRUE,FALSE
"NO","VRS",0,0,0.917733362925012,0,0,1.4210854715202e-14,1.4210854715202e-14,2.8421709430404e-14,2.22044604925031e-16,2.8421709430404e-14,TRUE,FALSE,FALSE,0,1,4,1,0.835466725850023,0.835466745850023,1.99999993233391e-08,1,1.00000002,2.00000001004952e-08,62.0999995053922,62.1,4.94607824919058e-07,TRUE,FALSE
"PL","VRS",0,0,0.730334513811853,0,2.8421709430404e-14,9.9475983006414e-14,7.105427357601e-14,0,4.44089209850063e-16,9.9475983006414e-14,TRUE,FALSE,FALSE,0,0,4,2,0.951924944921478,0.951925037028223,9.210674534188e-08,0.508744010595482,0.50874410270222,9.21067381254304e-08,77.314598282671,77.3146527182896,5.44356185798733e-05,TRUE,FALSE
"PT","VRS",0,0,0.85956624668905,0,1.13686837721616e-13,7.8159700933611e-14,3.5527136788005e-14,0,6.66133814775094e-16,2.39651853917167e-10,TRUE,FALSE,FALSE,0,0,4,2,0.850568030449654,0.850568050449662,2.0000008094101e-08,0.868564462928438,0.868564482928446,2.0000008094101e-08,54.6999993966881,54.7,6.03311910651882e-07,TRUE,FALSE
"RO","VRS",0,0,0.763196249271961,0,0,0,0,0,2.22044604925031e-16,2.22044604925031e-16,TRUE,FALSE,FALSE,0,0,2,3,0.894075910822835,0.894076065479778,1.54656943696097e-07,0.632316453064142,0.632316607721087,1.54656945250409e-07,72.7487418594398,72.7488353853613,9.35259215850692e-05,FALSE,FALSE
"SE","VRS",0,0,1.00000000000001,0,1.4210854715202e-14,5.79802872380242e-12,5.81223957851762e-12,0,8.92619311798626e-14,5.81223957851762e-12,TRUE,FALSE,FALSE,1,1.00000000000009,1,1,0.999999999999872,1.00000002000002,2.00001506467373e-08,1,1.00000002000002,2.00000200845096e-08,64.8999996244927,64.9,3.75507326566549e-07,TRUE,FALSE
"SI","VRS",0,0,0.788637460054107,0,7.8159700933611e-14,4.2632564145606e-14,1.20792265079217e-13,0,1.55431223447522e-15,1.50203049997799e-09,TRUE,FALSE,FALSE,0,0,4,2,0.965030021574731,0.96503004214903,2.05742993752978e-08,0.612244897959184,0.612244918533483,2.05742993752978e-08,60.2326419315256,60.2326687876201,2.68560944860496e-05,TRUE,FALSE
"SK","VRS",0,0,0.613805722562768,0,2.8421709430404e-14,0,2.8421709430404e-14,0,0,2.27373675443232e-13,TRUE,FALSE,FALSE,0,0,2,2,0.607456371034902,0.607456489651473,1.18616571453956e-07,0.620154975474072,0.620155094090634,1.18616562350127e-07,163.262728977993,163.262816880038,8.7902044896282e-05,FALSE,FALSE
"TR","VRS",0,0,0.999999999999999,0,5.6843418860808e-14,5.6843418860808e-14,0,2.55795384873636e-13,1.33226762955019e-15,1.59161572810262e-12,TRUE,FALSE,FALSE,1,1,1,1,0.999999999999999,1.00000004291681,4.29168073301511e-08,0.999999977083278,1.00000002,4.29167206217329e-08,236.099983806429,236.1,1.61935709002137e-05,TRUE,FALSE
